{
  "ents_f": 86.2545454545,
  "ents_p": 86.3414907319,
  "ents_r": 86.1677751076,
  "las": 90.0947566433,
  "tags_acc": 97.1548115717,
  "token_acc": 99.7579930934,
  "uas": 91.9330277337
}